theta0,theta1
8499.598718330413,-0.021448954733187524
